{
    "camera_matrix": [
        [
            1103.2622902137534,
            0.0,
            601.0357916694644
        ],
        [
            0.0,
            1100.4000586871323,
            351.4699374716844
        ],
        [
            0.0,
            0.0,
            1.0
        ]
    ],
    "dist_coeff": [
        [
            -0.40096112107206944,
            0.12946549164387908,
            -0.001517461670574867,
            0.0011250751882813624,
            0.04658503714658761
        ]
    ]
}